ID,Production
15,1079.5928874212098
16,8389.421742385754
20,20720.677857600695
29,27960.119569945404
34,42753.69820299278
36,6354.738040168801
40,12735.739827253678
62,98058.50171562686
65,6758.572756933856
75,85029.37720044152
85,24332.590105220363
90,2058.008843275958
98,17948.29991342159
101,16563.988465612878
109,117520.07662969551
110,-21.38519785160349
111,8377.267087894948
115,1005.7381204633059
121,8423.49992289362
127,156.19267754858862
134,7338.960542229059
138,2761.5024529882094
147,3546.3304346638524
160,-547.4625744312209
166,-1275.9212138561506
168,1339.854537524099
171,101014.38662535998
179,8294.910156339225
180,85070.24051453242
184,47152.3677601396
186,8001.350893234383
190,192618.04120835924
191,24725.827355608417
196,9034.354492077158
200,1556.8633812199662
205,646.9534136400375
207,177233.00119230885
210,53148.02531776037
215,25184.058375139957
218,10316.520094466467
224,3496.2053733659054
225,9037.710740514112
232,105833.27806570852
234,39754.563781250974
252,33995.07674687651
253,2800.0999905914896
254,36899.681063120704
268,2542.180698242746
272,29323.302887961217
274,94280.3181398232
279,8668.028387866947
284,4341.976246007589
302,-1758.9908232426303
306,1655.7430273492844
312,159.1152707816888
314,20315.18567720515
318,77943.16417685003
322,18859.990108167844
325,65531.53004737202
330,-1249.9257322749056
336,2216.6941831036706
345,8168.081121901105
346,30394.625353367905
358,53682.269943503365
362,39086.35808389841
369,-625.0402895784506
371,4687.051845905646
376,2025.7306547958674
379,1138.1663510045505
389,-3553.7251091962635
391,957.3638080114999
392,7399.187187954131
393,17005.52632716758
400,17577.40754854526
404,1294.0126696039863
405,1763.36569444679
414,-1106.8961631351144
430,-190.24134521838243
443,2448.7098228204054
449,27334.015706359252
451,29644.063274159427
455,11714.702083901208
458,1025.5035701298152
471,-44.87146217842831
476,58826.0264599002
480,22533.917517972342
482,10325.351398688746
484,31080.282500070167
486,1070.862273215887
489,1983.1370806170685
491,19056.176670820398
493,1310.8657177772689
495,4941.455487579307
498,4823.528290347199
499,3548.207450335799
503,27064.234249556823
509,23939.727389589993
512,-3085.702693544359
514,3039.3472979844737
517,3215.7208534381452
531,37322.70909356879
533,6543.853051276825
536,-20.108041777316796
541,4533.427484424761
546,5076.159861365749
562,3029.7496184787897
563,38014.80417313945
565,42613.72564315584
584,3523.902885198052
599,11565.491925499855
601,6236.6908589483655
613,60395.19986318881
615,871.3321310339946
618,34384.44006366546
621,6520.877350463146
625,1791.6425123582435
630,24654.039904981757
633,2475.5399566143165
635,6270.030411428094
650,5874.96277753831
654,22774.496749309736
667,2368.7116780602664
668,16457.354026120105
681,12033.644889381521
688,-1123.4693678200615
693,13182.676606126455
703,173291.75347984902
715,14719.856731639757
723,26481.3221661343
724,8237.91682822611
732,14625.013316964672
740,21933.42455752252
754,2750.5766624618027
757,43687.22225112998
759,26652.804715765717
761,-139.17098785594598
762,33330.03445045009
769,4962.139303339891
784,147206.25522372217
785,3465.4448410335062
791,11762.94804097971
797,5719.9823101577795
810,1840.2586461494946
816,-1883.7632883901783
820,6681.2642199468955
832,6030.300413949869
837,4466.562768379108
838,44245.521434435315
839,39466.98574679228
842,22356.503105243646
848,25425.544569007074
852,30818.483987255502
853,1202.359389929307
865,61365.20170931062
871,145347.01646028995
873,4115.316551377437
875,12091.816086155686
877,84264.67487133513
879,61205.9847080666
881,14092.089526754604
897,16364.108820399539
906,817.5516089461219
922,5572.699396305144
933,14619.899615570548
939,-283.81284817344863
947,4359.893756742545
957,599.2067982165114
966,15003.702981322323
970,3139.906975549193
979,1069.8246630753251
997,3574.8188009868913
1006,-326.34716972372814
1007,35392.520571226305
1008,94246.30482855233
1009,4078.30220641024
1012,74504.8032419551
1014,69538.66076217167
1015,1048.6030675471993
1033,28885.305655266304
1040,8530.083902229093
1047,59059.16883679376
1050,11598.938110127177
1052,6270.560031000207
1069,35711.94014546005
1071,9430.171547404514
1072,3657.4712977700137
1080,12523.317819022168
1081,20614.39113240078
1083,17902.859790825005
1086,19486.23092554851
1090,1989.4642218308168
1103,35707.114386154804
1105,4132.601345145879
1112,35405.79712382238
1114,1818.379947936122
1122,734.8914015841033
1129,199450.76398174028
1132,6246.1270726444745
1133,19097.17996505983
1135,10377.567061609372
1143,15218.238454064845
1150,10363.828645169853
1165,-3395.159249248698
1172,13487.939640311808
1185,736.2011018804927
1199,2319.2720082861542
1205,9919.03348494205
1211,18012.363951643234
1225,1839.069523463099
1227,-28.674148076987723
1235,3353.0072581930954
1238,34748.75207607046
1239,77726.01708209254
1241,6995.240498406806
1245,12144.84880510695
1247,4088.1812423735014
1252,967.6057016114422
1257,2489.410792581365
1275,585.3776137931793
1284,16662.62540706023
1285,99.53852888654266
1286,15326.640735521845
1298,5915.206869523553
1300,4493.920034307848
1305,-1038.801028544297
1310,18075.900885425715
1312,11128.445015058473
1317,-690.2497533489216
1324,10797.311074391706
1325,6519.54384776577
1328,93617.2394483444
1348,11331.560427944289
1350,2034.2878885553007
1378,177.38622556729587
1382,3984.5233841803506
1397,2493.3235891840623
1408,1208.9848212616287
1409,6130.883972083785
1413,15521.763640870511
1415,1461.1173004793998
1418,10622.823517245944
1422,29236.4661470959
1427,28288.54685856882
1428,29572.541796177342
1432,3096.675382520719
1442,74136.92795238672
1447,4613.615758924218
1450,7472.743501303866
1454,5135.89804245845
1455,22017.927535365594
1465,1981.5566295459328
1470,27574.910473259744
1471,5385.902885363687
1480,21420.21661783504
1482,62007.34577688032
1488,25449.160769299247
1498,3607.9502559227913
1499,2368.865402642192
1500,6208.315635367838
1503,2816.049913925563
1506,6686.453193680689
1511,27444.468370494655
1518,68510.70127350601
1528,95830.13736237568
1530,7276.1258387508315
1535,6019.65331779763
1545,893.75846741441
1559,51676.25168868671
1564,2692.2269800220847
1570,-1288.2378988889398
1572,38465.39298641967
1573,16327.355803745668
1578,23974.162011931374
1588,28799.87128561237
1593,8962.045346973124
1594,1451.5341558360547
1596,4770.2520026437705
1600,11789.928240815461
1601,4320.682123289919
1602,3689.1897349873
1610,53714.177995179336
1612,9352.662883147837
1615,7488.523922635689
1621,7125.646010318348
1625,23970.187682731957
1626,6079.142719571786
1641,4375.949609687152
1645,9392.697479479728
1649,13548.024193612117
1655,25539.254367976202
1657,4385.394494711578
1660,5053.738758933162
1666,1683.8710715257544
1674,-4158.12348050071
1687,21426.14926230911
1691,3242.1218831801407
1699,40120.35111166828
1704,16746.650861309343
1709,90285.66383949376
1724,3572.122073420801
1725,11854.243334255047
1726,2938.1420216962742
1728,560.8614671478481
1730,23136.87192392776
1733,107148.55511602158
1747,11900.465084353129
1749,3189.7022947568685
1754,3341.2843588755045
1760,7990.756862844243
1771,26387.006944829332
1772,1366.1462786030484
1775,28864.09692631525
1784,16384.13720566556
1788,734.0959465933933
1795,24972.57235874034
1796,1740.0857363756336
1798,21202.353151775424
1799,10953.034575316524
1801,2987.8051680412195
1807,2702.1718273288116
1813,431.4140314876603
1814,1397.1614639687864
1817,8400.590258299677
1819,20121.067677404684
1827,4939.252482274309
1838,981.8354743539803
1853,47171.3818093265
1869,84389.14566991306
1889,5404.348980426597
1890,9028.68358786797
1891,2320.977319616454
1895,36762.82677713355
1897,33681.59844864629
1899,3673.7387854746094
1908,3424.392782228818
1911,11007.633546209132
1916,2309.115964424184
1921,3308.548247794433
1922,10084.196298544806
1930,7392.7175404885165
1939,912.4402293033763
1942,22461.536121324647
1952,82670.78454358649
1956,13622.67876324195
1958,1467.621915298827
1962,58427.59492076921
1963,12282.53343330254
1964,170615.41641402998
1966,10257.038039862136
1969,41832.87630725815
1975,5182.339955242449
1984,21662.302697933934
1986,18743.679453730692
1989,-111.29213640901543
1991,11508.845946230136
2001,1554.6665269714174
2002,51736.39255418458
2011,549.1446668135837
2013,1506.7264211841543
2017,5334.70588236061
2032,6571.714639774867
2033,135.41439207714095
2034,70370.26514577896
2035,25564.556229290512
2038,11407.456186668911
2042,1812.0709090354433
2043,16808.991685647343
2051,78946.72995012897
2059,93445.7208917117
2061,4863.7950095975975
2067,62043.482449853276
2083,57030.73115822611
2084,74922.07223651146
2105,113291.23795916584
2114,10499.438394376237
2116,2014.8203874984683
2119,38213.9670175149
2122,15359.343505089555
2135,54883.762921141526
2137,-419.60616234827324
2153,5072.869252353827
2156,12280.747377691385
2157,55914.38289928122
2164,318.56443775311664
2178,5399.532281299914
2183,827.0422646925325
2197,4414.522166574377
2207,76302.0234553995
2213,38876.27490981731
2218,14656.052512938297
2221,75431.87399071791
2222,17901.869855059413
2229,2063.9160849436253
2236,10482.010684608484
2238,52562.655367308886
2241,4571.440505172387
2242,4003.3609721457274
2246,32464.31709623844
2250,58853.15815683664
2253,11775.817411569396
2257,30257.774951426683
2268,91131.72928393856
2275,13382.577664211414
2276,29921.754745989485
2285,-603.1291297139177
2291,13448.635780963352
2292,17125.03297232408
2297,1174.4370845047897
2298,12339.496443378262
2301,2649.877419496859
2307,110.38460204411396
2308,20648.06891171903
2309,7247.529679069809
2312,29538.76325800291
2313,22696.31629797363
2317,5772.166355615872
2340,28645.874482123294
2350,25593.253665159747
2353,31870.80165302433
2357,34248.99878584708
2360,4911.135863894237
2363,4979.250635371558
2364,5787.460411066993
2367,16407.05509041227
2377,22847.7863238983
2378,3180.114769805727
2385,798.2961363107279
2388,4018.7352927879015
2389,9999.52840969467
2393,4804.1664734506
2413,7865.672945029883
2414,145882.42879447472
2415,12202.173344581346
2416,2796.123022493479
2430,17302.64147628733
2432,4927.65320094307
2435,13470.552151634873
2439,-10467.792591193911
2440,22140.178368111843
2443,12659.93610716252
2448,14783.825332139188
2463,26321.13823361167
2466,418.8491535190602
2469,7157.266977285028
2471,121023.91093887878
2474,205.19127385312936
2482,8588.446948557395
2485,13839.654436457062
2486,1281.1145891595397
2493,80346.35985472884
2495,1201.0840268719642
2499,62566.560696101595
2502,3546.411842613339
2504,-1614.02476251367
2507,7500.3177816124935
2510,8754.987420182295
2519,-8323.499259937897
2530,-1939.1137208942796
2531,5060.099118781121
2535,3873.53376372336
2537,2305.6002228889706
2543,28424.23037050082
2552,8942.727218935723
2554,15756.259166558797
2556,16287.811256295796
2566,464.9332121042762
2573,2966.5266493649156
2576,-587.9613120642298
2578,135577.0848349519
2579,-220.10025298287388
2590,117421.62609455152
2593,10756.720445292416
2594,14643.609799829488
2601,33256.64047472408
2609,15546.836812547821
2613,63224.486079881855
2631,4071.750370556294
2644,38056.67188667747
2649,32738.800963203234
2651,14674.07516440535
2654,231.84420581751704
2655,471.13425703616986
2657,2046.6527364085364
2663,34621.91308634434
2666,22429.919380633906
2670,2237.7400040195253
2684,7933.233899646674
2686,1972.618202105777
2688,14894.773915876838
2701,1346.1968351241842
2702,137.7548103988494
2704,67407.83697088608
2714,16773.47792245918
2722,2409.226709107732
2724,43841.22942833792
2727,19728.60313027977
2733,10807.562638924132
2740,16553.345382716027
2747,1201.509984910397
2757,26519.974987425518
2758,4415.896555837756
2759,33923.88371084243
2765,5502.32941081521
2766,20730.4392579397
2769,1341.0067939025105
2776,6009.71618679728
2779,1679.8050173326576
2781,19504.824533507086
2782,1881.7114596949814
2789,19105.031978958934
2793,8139.329432871239
2794,2650.5233361444675
2795,5332.483811116044
2798,-610.1297351329653
2805,24597.383983509877
2806,8802.755711885713
2807,-325.0190942953589
2811,8347.58331030609
2818,4579.392535674707
2828,3562.8758468594247
2830,2837.451560370281
2835,5026.439443524876
2847,40212.7361184072
2851,1581.6080064593853
2856,7306.912485093292
2860,853.3320466366439
2862,10163.639093907761
2869,3044.197008424343
2871,4485.218150268174
2877,1297.6306330755792
2896,12455.331866337694
2921,3243.763501008693
2923,1194.849750017932
2925,1031.023101038836
2927,6572.192983738581
2950,26169.90175261325
2964,96673.89996511355
2966,130243.49119405182
2970,-4296.799433942694
2980,209.0683641817971
2982,36404.99296213008
2983,45657.86015282438
2990,2318.869353729145
2991,31429.108786820278
3002,24356.466157533247
3004,-3203.429467851846
3015,15621.54533047624
3016,391.25302677111216
3018,11452.483104421732
3029,11705.771866906438
3033,1026.0413520451746
3034,7186.905973906071
3055,59543.79472587067
3056,54140.202154919585
3057,-838.9342582172113
3060,27158.910731370073
3065,27626.33432462615
3068,20977.52578695731
3087,3979.9313586415446
3091,4207.948430963313
3097,4650.61502706715
3101,1124.591908311926
3105,14299.751915424129
3108,1857.4141263830245
3110,16757.543549258204
3114,60381.232100420915
3122,7891.039709566023
3133,5286.0010454595395
3135,51067.038809374215
3141,69041.73770755765
3143,-96.52442915751277
3159,-2119.051915273862
3160,-483.8099511606897
3163,97303.49038227604
3164,53625.29694974686
3166,-208.25042511459606
3174,1020.2316115999041
3175,6940.574790193371
3178,13244.019023966932
3182,25980.075173695182
3210,883.9171770919863
3211,5149.465637330645
3217,58098.64598644661
3220,35373.4668277737
3240,-520.2644404065226
3244,4579.478976385474
3261,59540.16505858795
3279,109399.68651066179
3283,-6269.3363464218955
3284,43001.46785897326
3287,4737.978927590188
3298,18486.49319489333
3302,11138.09546771786
3305,71435.33733057386
3306,91351.02792503702
3307,8548.261180252333
3319,1723.689947252457
3320,6318.694567981295
3322,18.27692499392255
3326,3164.9070659582403
3332,9828.56039380568
3335,66730.52687485518
3342,-379.6123917218185
3349,82632.51221312946
3351,5781.185454652956
3354,48863.76556571148
3355,-311.61310014827706
3356,7412.454463168741
3368,85886.0085824293
3380,9942.9914939972
3381,21303.585448713526
3385,5092.972736719418
3394,-187.8173825172048
3397,45066.54487944053
3398,1310.4852437226798
3414,8773.21292486492
3417,13571.21733049485
3422,1480.1408698380928
3450,1190.2569394891896
3459,2621.729262025767
3460,-4802.873080502445
3468,7997.563357268357
3473,13926.237068603208
3477,3083.6152542178534
3480,4141.267927834232
3482,347.94259446907466
3487,3278.7782183630293
3490,15740.105466589417
3491,11843.260056642983
3499,5771.058679853328
3500,32409.294967476624
3511,6667.851821647214
3515,31338.3142202495
3530,1125.806030955627
3531,509.02236033387106
3538,15527.752236367372
3556,1254.9096511574355
3557,4760.437263877246
3560,1276.0324065207935
3563,168.51461776470518
3565,2645.202364882292
3568,30781.94349177145
3571,59259.46498288405
3572,44455.1420314644
3584,736.2883895955038
3588,37822.82555356665
3607,60085.518529330504
3609,5326.204776258009
3611,2626.185935284067
3612,19089.894869405503
3618,8186.809476955802
3619,4799.683025599259
3643,-2726.180388865131
3652,5805.441464223678
3653,4756.216496871958
3655,36808.64650963339
3669,5029.714418435247
3676,70836.3253932185
3677,15519.525045190185
3678,78196.99642959348
3679,48000.64939750786
3682,17860.367884700765
3683,785.4468930677289
3689,2434.6887905906183
3690,18401.389017685706
3695,1797.332068661163
3696,26024.41821000417
3697,1914.3756488151434
3699,57311.3584852885
3702,1623.1051205470433
3706,5688.952819341131
3711,1517.1744302393108
3712,7970.259222850987
3714,89216.19688566487
3715,4041.093244023316
3717,20757.953002933304
3721,2355.1714435691542
3726,30771.95266294908
3728,19266.195639324396
3738,7709.617085831909
3753,-2729.6921697034963
3758,9653.172000436074
3765,11681.735201521255
3767,10438.340012361381
3769,182400.0586847077
3775,17118.52288829914
3779,109951.33865053298
3793,3496.53338682649
3795,12087.30429328354
3796,2732.9426476856593
3809,29744.155701320207
3812,14713.719502609614
3838,37751.641759396516
3840,-1974.2218676574023
3844,15340.462487296678
3845,2060.8502127764514
3848,15024.583006295261
3862,46765.33036574589
3868,38516.43456662002
3879,103575.17570460407
3896,11631.300538288097
3905,5625.501143212524
3914,1929.2295922123744
3917,25967.444027123707
3922,34210.45541939364
3932,3451.961334141898
3935,13339.29708100227
3939,26497.50370042047
3940,4091.5815634113123
3947,42304.06351849081
3954,5457.984735880308
3956,4685.070947645318
3959,234.90069351219282
3969,15063.229271131819
3971,3430.9680385158968
3980,451.6599190436869
3981,16285.869059362167
3987,634.6913887972541
3989,10781.008957822167
3990,2920.868246597292
3994,58462.64521833104
3996,43726.84040244059
3997,17383.644749083036
3998,2004.7655377741808
4004,225.5651469976472
4007,13471.786018088995
4010,4226.249985949452
4011,86574.40694449843
4016,460.6377415873414
4024,53518.742435925524
4026,5197.286845849766
4027,34479.32579020456
4031,30542.822749401173
4034,12746.981646142462
4041,6180.866237276976
4046,8990.647474213825
4054,41369.60514478984
4058,4324.046088343326
4067,3130.725241223537
4070,14267.565256079482
4072,11322.602325603893
4075,2627.327125475542
4085,30515.0653402908
4097,151879.858497631
4098,1289.5426601478543
4101,1895.2429205944247
4103,3616.589648815246
4104,11908.72461639063
4107,5639.283747972754
4118,17423.027348962372
4136,24047.486933648375
4143,13136.235541795486
4149,6247.368746800503
4163,5356.5471123470825
4166,-445.83515133156243
4167,5244.085089294644
4168,-133.67263725933378
4176,9847.127737188748
4181,2279.31158732222
4191,10453.6835241653
4207,8047.600406918478
4217,2099.346588472133
4218,50867.96044343733
4220,14767.351491428813
4226,19385.122793924944
4228,57260.73785903011
4230,8372.196616911073
4231,2522.2586565625593
4233,9657.0331120953
4234,23723.234928091813
4259,24752.253168199284
4260,6795.328610801326
4261,86489.76153670365
4277,1977.4690204307149
4278,42914.613749121585
4285,4618.811645915624
4294,38908.74169422463
4301,-484.30190659115834
4310,13537.42134147694
4319,1946.7950317273087
4332,4252.99719930359
4338,7004.275879722611
4357,5105.508653376881
4358,4821.4993090691
4372,5049.6010354178825
4377,3195.4940728397924
4384,10785.070762461159
4395,15369.025318787448
4396,10669.536243543524
4399,78703.0840626908
4402,13913.671192278072
4405,5238.976745348596
4408,8201.708542044129
4409,1587.0438268255343
4411,25835.777039596385
4415,79723.78924432972
4419,19462.616992726576
4425,467.48257689537814
4431,16450.212254590093
4436,1015.267290624442
4443,49628.797499956534
4461,5195.68376680547
4464,24373.52335992167
4483,5038.898087612656
4495,518.913258312538
4500,13439.376945814305
4504,12505.7677520537
4511,11105.277058448582
4523,5358.256662689888
4529,17264.4512978215
4533,93925.4417716453
4534,2656.511454468097
4535,34676.78648057081
4537,935.1881379667542
4539,23430.690718520487
4551,27487.375258091077
4564,363.02994335970675
4567,71251.21102637108
4580,8081.251492499506
4602,31918.298933522085
4604,96299.11671060075
4606,14273.403947597883
4618,149668.5514127353
4622,11348.484513617599
4623,29098.139869665833
4626,93558.83730706906
4629,40722.87459784679
4647,10108.84276630234
4648,14023.317189763371
4658,3458.2965628213997
4677,6712.977954785556
4682,26621.048369474727
4686,60160.97640771626
4692,94789.61151208068
4696,10011.92200457279
4698,28.618799242320534
4704,226.99018072625236
4707,3860.2354519488777
4709,16252.96376089235
4721,15202.748300362218
4725,7920.220301628377
4740,19066.822789872447
4741,8835.383075689759
4746,32166.662820364367
4750,9638.205886847907
4756,8952.141694388998
4758,33475.7526283017
4766,76016.34273615191
4767,803.888837446693
4770,4287.042158294212
4773,553.7839869450108
4782,6486.498703717392
4783,18483.13371616016
4788,20355.15419754816
4790,17270.507459708104
4793,4847.019124040213
4794,1002.3949887587937
4796,962.4432526016409
4805,83466.16241138607
4809,25563.661544245853
4810,5379.461637975112
4813,3197.701578093524
4819,7304.469424075144
4820,3018.2119580466697
4821,16303.00473168212
4836,48094.86565774629
4839,547.8788518922644
4853,44483.26048603269
4856,2209.4348416400812
4860,29286.73557159401
4862,25831.487507256115
4875,107641.43391091844
4880,-586.2742658473934
4882,16852.540460384607
4885,2181.448271702776
4903,5012.951893811031
4905,2734.1592599886394
4907,44527.98667550194
4934,413.90403071177127
4938,1332.5049328968962
4950,29177.17797188035
4955,4897.244402746289
4956,78606.51710103119
4957,667.4934068743013
4962,41805.41830149038
4963,1008.6949673023125
4967,14461.873065190615
4973,1564.9129140756077
5001,10285.032479282941
5025,4965.423651212366
5027,32286.893966912972
5034,12247.993081671995
5036,4802.981962163618
5039,12012.486356601494
5043,71971.76040508317
5044,77597.09406702808
5051,140799.84378283055
5052,98.51410483668454
5058,75704.67367617547
5059,32559.481966049556
5062,59045.41119464934
5069,15799.02899739806
5070,6595.853591827869
5072,2570.3112504651453
5078,9550.950383804617
5080,5472.944227068753
5083,24649.269371847593
5085,68622.49337589007
5087,32957.81774107592
5092,4465.31335681869
5096,3992.0756328454218
5099,28107.28897267673
5105,26483.83340534615
5106,18226.56865173999
5120,19689.51164241265
5121,6597.687887592632
5123,14688.571977208736
5124,7409.879980926022
5128,7496.346713178707
5130,80354.18780840492
5136,26135.155092275352
5147,21811.037660689515
5153,-1023.9068207042448
5163,2209.7097371147497
5165,28613.717400266996
5167,21130.653952875753
5168,51814.1665888877
5176,5553.543638329052
5186,9058.7002210645
5190,1696.2218597347203
5191,4509.914163195018
5192,8686.895967323515
5199,15898.777284706588
5207,24684.08419556686
5217,62895.53187309307
5223,11171.296728667825
5230,7396.335406547879
5231,23918.17865803164
5233,120496.42434933077
5236,314.3098312291796
5244,27609.642880937794
5248,16093.83776737027
5250,17210.99030641329
5254,-330.7570408111482
5262,-723.8335062508646
5284,2319.3949443950614
5288,7570.210063749817
5293,2476.3576208240415
5306,23090.887963676305
5310,1198.493423713311
5313,60334.68751930582
5314,-1182.7860260017849
5319,20248.28180309717
5325,12437.021295272483
5329,2088.863631202371
5333,13134.774817867707
5354,1256.3872884491252
5356,-5606.913703259273
5374,28576.083570421328
5385,93926.33561599055
5386,2367.924693757655
5404,29892.899428883116
5415,16300.83309045504
5418,2142.3182292238535
5419,-114.77975125642742
5433,-1183.369393138974
5438,4144.090416137282
5441,720.5407355188703
5465,42930.489146787666
5466,899.9010358098259
5470,1963.1245260470516
5475,6020.565367512599
5476,53510.67745135886
5487,13589.12011053215
5488,123336.73462864652
5492,2272.6165739178023
5496,2404.141986722076
5500,358.84732588668976
5511,7447.700571102484
5521,2145.467328279465
5527,-1554.5744449712654
5528,120078.36440482887
5530,49464.91518808663
5531,7218.77629769268
5536,3887.3027744725255
5547,28150.600797927913
5556,1286.5057116248538
5558,-2241.4419183606446
5573,465.61520715201516
5587,1683.5313971812338
5599,32464.06895605985
5602,22552.005874807248
5609,2304.4602978102703
5613,13172.616251705833
5616,10344.431275716654
5617,50264.125096758326
5618,1097.7669749032925
5619,10094.662729598045
5620,20555.9057122382
5625,-336.01744914173514
5627,10646.380624357515
5628,51423.901356987
5631,10378.016293696885
5633,23159.35033244031
5635,963.6992325371396
5642,12970.67861932391
5651,150282.81174388307
5656,7231.153780916001
5661,3773.86922464191
5677,1767.4763468496274
5680,9350.462544014417
5683,17178.549796993273
5690,49637.62572696125
5713,37765.999742165084
5715,19239.63247853938
5725,3756.3291101328773
5727,13253.479214810393
5729,9535.513011827454
5745,1272.5135275638982
5748,21169.644072174407
5749,2562.5578071720142
5752,17570.80544792669
5772,23219.30456580444
5782,24443.87448800248
5786,40748.37664192594
5788,12846.577237035948
5799,8034.312995792948
5804,-675.8875964706297
5815,2538.315503156501
5819,13061.472454411434
5823,29366.963980923836
5827,131773.39139602106
5829,8931.449563428454
5836,36101.55817649864
5841,15848.860397740626
5865,18170.00186187214
5867,8598.082487454569
5868,76158.01787428105
5876,4415.56471767766
5882,10883.030568518252
5890,3796.6261589718847
5891,12680.16317440578
5892,11746.087241912745
5898,-5465.021317931763
5916,25355.931289614404
5937,768.4734524417057
5940,64221.43128865504
5945,35076.964858039915
5950,4933.67008983136
5951,4705.553930482665
5954,29936.553943718092
5956,5917.083514944035
5965,7072.832925415911
5966,6927.458023372317
5971,8410.803914343654
5974,27919.509774341972
5980,16147.71960497788
5991,32723.400610664245
5992,24152.54432620856
5994,3061.419058637148
6000,2115.92339855939
6007,8125.678239354792
6010,3943.8340196384956
6015,6273.413784186032
6024,2146.459917801056
6025,1258.9999189303167
6026,4104.2038311940405
6028,501.252810051414
6031,43438.15075505706
6038,90755.82249162576
6049,903.713198558105
6051,763.6784204500001
6053,54833.182792798434
6055,8481.751427569205
6058,32086.798389562835
6059,607.4284457467193
6060,4096.797880154551
6061,5054.916409170345
6064,3299.436736218201
6065,3289.3521820772507
6072,-3348.167074270558
6074,30073.23989462391
6075,2305.8697900014417
6081,17092.53598225053
6086,33095.801931304806
6087,-6802.122319985422
6090,6122.0326183454645
6091,38220.540453370355
6103,79756.10560439802
6108,147031.54836557453
6109,5186.568778458589
6129,101225.17056668804
6130,56427.880025681276
6132,1641.5443342419956
6141,4778.632283052146
6155,99197.3163183187
6157,44565.93981501412
6163,4309.6227562636095
6165,-1189.9888887356055
6168,42751.27661948285
6172,38952.74345525344
6173,107942.57567245382
6174,-2633.9498447221868
6179,746.6392881807122
6180,17649.330068982308
6182,7822.615905235197
6186,19838.88572049528
6198,16679.183865827068
6211,43861.47186386777
6215,3611.553267176108
6222,20283.000044659446
6228,54584.84183806636
6232,7201.654664541906
6240,137333.70035464677
6241,5629.562640017459
6242,1203.2707988532982
6244,2493.3570113948444
6254,18715.77776278631
6293,6162.533686805909
6296,19882.913530556896
6304,94368.42508249174
6314,12087.684430676336
6325,31089.054407338615
6329,46135.35217254204
6332,500.73538726575106
6335,5417.293116651325
6343,10471.66894675493
6346,21471.76778323433
6354,33638.03552683059
6357,1940.3963251674677
6360,67505.09687482705
6369,10189.648145988083
6372,8531.203699750635
6381,2865.435222160183
6387,7219.574479866196
6390,74054.58165701832
6393,837.9628863871609
6395,14623.226883575171
6401,-1093.6354121386255
6404,6665.627389870307
6413,10861.834415125202
6418,2343.3765891906614
6419,20141.48325411834
6423,7493.368718831415
6424,56218.49178267975
6430,2854.0321534739423
6434,5064.445896540878
6444,635.1224719271565
6450,121537.33827608601
6458,-793.2899016916658
6462,22320.347259518883
6490,27028.095007444925
6495,1287.5969283126315
6498,12513.480802124352
6499,11423.766583625464
6509,162478.8081386881
6512,50758.30985214868
6514,711.3868264169012
6523,4167.460798972854
6530,12814.61522051529
6540,4431.691966887739
6541,63619.42671449391
6554,67363.61537674269
6565,8884.062803699844
6567,9295.38883078389
6568,76063.75209048361
6570,4044.9755616445295
6571,2154.3556203968596
6575,23690.05304013602
6578,115777.52764732606
6579,-1273.8186791209232
6595,68454.3966802815
6602,13045.827705567577
6603,34688.0709339367
6604,19242.963944500923
6610,48619.73031756302
6613,7671.094245292424
6619,3825.378870249467
6620,11466.58118076177
6637,15855.551076336968
6649,40734.938865572556
6655,2661.2072804283143
6660,1801.6029002164146
6663,37631.519319386854
6676,9584.434155209838
6683,278.37092763705067
6687,4761.538924881983
6690,236.63285801051416
6715,152307.543718811
6718,2088.882591888821
6719,16788.242288852227
6724,28308.730718934276
6731,2600.792833283727
6732,7262.132073389821
6734,15731.610188130653
6741,-1970.5015594347858
6744,45403.19744966416
6752,3720.0473314954324
6777,8842.819082108585
6782,12373.477170103655
6801,15198.266560192538
6803,-831.5289385796441
6807,3594.3709095603035
6808,5027.454635583229
6824,2912.869355301449
6836,-988.6301300036829
6840,2278.8574224827844
6841,7277.529586120973
6844,34028.24040439947
6851,48830.386081000746
6855,333.44328348945703
6863,26395.890508095334
6871,3632.8949328064514
6873,9290.009070963797
6885,43063.82139688722
6888,48433.60183661409
6896,44381.8918431035
6904,45376.63485833108
6909,7986.630742090773
6912,2324.8175027320326
6919,41931.32039606508
6927,7830.865911949438
6949,47874.090308125655
6950,700.5021621722136
6959,2356.851041676738
6960,5964.790362679647
6964,701.1734396741319
6967,3474.8749922534103
6969,11821.153690801182
6975,2086.908124928415
6976,2207.296278987819
6985,3426.017377031847
6987,3215.0894583706863
7023,36456.59753344042
7025,5543.209047389101
7029,16639.998997073508
7033,87300.67520600579
7034,18535.103915950465
7040,1773.274979431355
7061,18824.52666539829
7065,3369.0012768178417
7066,8334.62857146332
7067,1761.529382277506
7071,52363.768950478334
7087,12168.106161965185
7096,55784.58389432031
7104,1423.4508327763654
7121,3946.875876136957
7149,19960.592046690155
7151,1016.7649075429691
7153,64201.71014878886
7166,1079.7150081574846
7169,2112.419471282004
7174,1392.71015541435
7178,7026.079390362816
7181,9084.877360629951
7191,6103.65202402225
7196,21454.46788347587
7206,77563.28806471264
7207,4322.704121801255
7211,2119.2005770292567
7212,3856.778407773878
7213,11492.91473078209
7217,22672.692666056075
7219,12672.99569968989
7226,145965.01521256258
7228,636.3755061038618
7230,19542.9797436556
7238,-1969.4125595041326
7246,8023.702606704083
7247,10310.466207694322
7256,81902.51563664131
7260,-4702.949885705638
7272,136643.0559548869
7275,2478.4169505833042
7291,3411.8731246197617
7296,18405.300759142643
7298,4473.106040529966
7302,9265.109151673121
7311,1683.094467917842
7316,-1392.249143561163
7332,105.26725864016683
7336,28034.538575173716
7337,4779.473391817977
7342,2754.684011436335
7343,24762.79397238463
7351,2227.3871777700924
7365,3339.428573341446
7370,5580.691933314442
7372,25526.635535980964
7373,383.917887844419
7383,118122.50424383422
7398,170.10200142266763
7399,155.12071547199088
7410,17549.947482141208
7425,25340.93665513188
7428,3590.1108082602586
7431,1560.6319960928438
7432,2281.512414427577
7445,4025.8490073686094
7460,2431.13833346448
7464,3090.8219871045917
7465,116843.31315956812
7475,10382.89265472157
7477,7045.538327537141
7483,14515.172892295295
7490,16871.94186797794
7497,4081.5989242456963
7501,3758.6677236301302
7504,88978.68604567095
7509,8985.878687078863
7520,4926.349401787463
7540,31807.057636339585
7542,56467.99914584833
7545,25777.827656001373
7555,14937.25472158853
7556,39589.91979110872
7559,4635.722888598452
7568,12408.783315405144
7574,6338.418845795369
7576,4020.4593982466904
7581,1785.7029988323682
7599,21668.202482438723
7606,2587.6357516026965
7609,-6253.21471197714
7610,16537.97119213187
7613,12082.446674487877
7615,30769.06501056672
7618,6925.033862976407
7626,7865.7496152540525
7629,1344.4915823598542
7632,827.5252803513765
7640,1032.9555298129706
7650,3474.1075080413843
7651,7360.580965464008
7656,2413.3139405477773
7660,15711.979920424546
7661,52068.57115697703
7669,48534.346266528366
7680,20348.29291074147
7682,692.5015571465311
7686,12208.461733274864
7689,19413.37894671259
7696,10622.667146325786
7716,25327.522317933122
7724,4521.976047680492
7726,147108.5212114237
7736,55907.785140764885
7740,857.4688730285972
7743,111.22539341401746
7745,18238.85242632864
7747,4818.467237089177
7750,1095.1391441079438
7751,3196.560735198047
7753,22295.94216147351
7757,10992.992290341448
7779,444.8709498755837
7789,5352.972034724083
7792,40429.43196528845
7793,6393.586206006338
7794,32165.352266253234
7799,24401.39840588719
7803,92519.90876726108
7815,44862.823988039236
7818,10592.279437405308
7828,143667.39898452067
7849,12647.540886690238
7853,-1993.6891137005848
7863,383.42582717979053
7864,66415.85803057607
7866,36375.989405632135
7868,-244.15926402461764
7874,90705.89692406479
7876,31447.27051083175
7887,7321.759270180641
7888,7437.033217463335
7891,3196.3226090412536
7915,15953.664741609791
7917,4086.3214523508404
7920,2342.5322064741913
7927,2338.587281933873
7936,1656.5564021346972
7940,107515.60545466766
7943,19563.905468492267
7948,6098.006697397781
7956,8688.675871826026
7963,2684.575176706914
7964,13173.05417149081
7970,18295.173933585444
7974,22432.261066407988
7980,38126.61843332075
7986,23010.898567157936
7987,115913.01957019026
7990,14945.029644687484
7993,1841.3207662603609
7998,4656.9125808514245
8006,3278.115945129267
8008,2085.3795281596763
8013,-13583.527282650233
8025,6210.642268284428
8027,17272.478509108816
8039,3932.7780014404757
8040,7227.553806346675
8052,37435.62587078875
8053,62365.517638139485
8059,-5878.54939825447
8067,482.19674952960514
8069,742.4696947253835
8071,3927.1634356005884
8072,22739.500437086364
8081,1390.0278355433236
8089,119136.42406435696
8091,112.55024781836916
8093,3867.556184113283
8095,3100.5948965575635
8097,12734.60050442056
8099,2847.813581376537
8112,8880.55468036358
8113,10120.706804540792
8114,24947.12593644907
8119,10491.549599710565
8120,6573.645733158252
8124,15930.402110767807
8128,-2493.3582919819455
8129,149333.80374762235
8130,42459.708665419166
8134,15579.242797803992
8135,17013.347190771106
8140,7023.260928220637
8142,-929.4873323563199
8148,3259.8199336969806
8149,3045.1538469392426
8155,1754.7273996728286
8160,58420.890175061075
8161,-4747.440277120417
8175,6824.301280187617
8176,38214.743403952954
8179,2062.0433901885403
8181,765.348033651496
8182,4929.788718877424
8186,-277.83603123792295
8206,3932.5725834682285
8208,15458.418899442622
8212,56950.2809973417
8213,18961.04575024734
8217,3948.348287851245
8220,61102.32045692796
8228,2224.023491192106
8236,5263.879486013239
8240,66443.57393940639
8242,5285.262829255234
8248,5431.012071593105
8264,515.8913646937737
8280,27614.921693964152
8282,3110.803270324104
8288,5774.918130565762
8300,6537.978869878337
8301,4529.880832525404
8327,22630.962694323396
8329,3169.0740626735997
8334,55843.51108436199
8337,349.43571606881204
8339,9673.973526923624
8351,7149.704055932431
8364,4735.445760704851
8369,32062.587242448823
8372,25098.054022887463
8378,65337.670901221805
8382,11674.543537743215
8384,25500.70550261947
8387,11403.04944702836
8390,8023.373254708003
8393,-786.1084910800299
8394,5946.505602126393
8400,23255.8164466958
8407,33136.1365628501
8412,8475.697132210855
8413,11965.183720135778
8422,6858.59816728496
8427,2611.1549288089673
8429,79145.29806760176
8433,4715.114146036842
8439,151962.08628179834
8443,13246.848062015364
8445,2734.933662658264
8466,6864.480334531234
8470,31921.11824683534
8482,4395.54607228679
8485,3666.1267712434374
8493,9691.24113628668
8494,11473.652953578798
8501,36928.04849491571
8507,58915.903395337686
8508,1689.3686337494594
8529,61336.94448864179
8530,1253.238517079413
8534,241.2101635428585
8535,2718.0162508131557
8540,3875.5889293658165
8549,9826.855017429405
8550,20563.893412072845
8565,1249.2797783098626
8566,-5963.972353043621
8571,2499.096741882159
8576,10572.893343290401
8579,28822.05951437445
8595,51251.28111403313
8603,3734.699995373657
8604,151452.62568966104
8617,3574.1393524300197
8630,-3069.7770951954685
8636,5374.111923641149
8637,48249.03515195473
8643,-264.2047224442817
8655,-3807.7720146898955
8657,46726.22596824794
8659,-185.14192584474645
8667,24793.349853848373
8673,127363.91502500433
8674,5997.568772662695
8684,6408.456247905793
8698,15096.180574769995
8699,7206.154210770583
8706,18543.739304971867
8711,715.8705444377719
8718,69386.37898577703
8723,2753.672790987848
8728,72284.06076771395
8735,7768.425719067455
8742,9267.989766760546
8746,17890.874059803835
8747,604.4649438337557
8748,1021.4827550439808
8750,-178.17028994917422
8755,23150.77100686454
8756,3911.4508075435497
8758,18318.11611848147
8771,4326.876971681772
8775,7923.400884471952
8783,3821.395096062363
8784,8538.030177035118
8808,19944.87466403208
8810,12266.017051205123
8813,5767.114475120004
8818,20039.84602648419
8822,88007.63260628289
8823,19132.1577240402
8825,-1883.548315895636
8851,11906.573244697864
8853,7990.723562657885
8862,4912.2325819164325
8864,1459.687572760363
8866,3265.8770370710076
8878,34467.616914134014
8880,54481.1067636368
8886,3981.108640993142
8887,40692.681703836446
8895,3870.7975662155354
8902,12743.062830950952
8904,6009.833215341586
8915,18190.134465720188
8918,-690.3075926318704
8922,2016.654522377626
8928,12223.62374879683
8934,23635.752880883298
8943,11377.448217326595
8951,1806.2201880148339
8978,8747.406154752329
8992,21068.291757163886
8998,10636.604667185933
9001,39147.255091260224
9005,1761.864007108361
9013,6236.1988597971
9017,3388.146278234828
9029,4367.841394955478
9031,3134.3397937881214
9033,9494.0252890222
9037,-2724.7608486949307
9038,8102.8975336690855
9044,9236.508523441102
9054,1352.0737718538119
9057,3526.3715389559407
9058,-315.52373104676445
9081,86742.14391861524
9089,13295.985723462996
9101,323.93162140122445
9102,15298.549071209438
9105,10004.873188117397
9115,39646.960042193234
9120,-2666.6107714627697
9133,47313.870794305316
9143,-1239.3511188255695
9145,8127.964190354155
9159,2050.6577679144534
9168,5324.058337489148
9169,112204.35304023976
9170,-373.34418283856246
9171,4361.184965564291
9174,8836.95101446603
9179,11521.64034559937
9184,-21.126225209696152
9187,202.25506121615308
9201,4086.310005651665
9202,-257.4015090082422
9206,26185.063677815226
9221,33770.81347243496
9233,5380.812405847769
9236,2452.373176252187
9249,25040.84140868406
9251,5095.900807255276
9261,5391.17796424991
9263,2236.4357531995947
9264,32638.12822272536
9275,23141.725484262464
9276,51248.19197118003
9279,1338.2351142358505
9280,76069.34809941669
9285,44837.87874594765
9297,2499.2646866315213
9298,-1680.9081837791591
9310,20208.658143264456
9312,4443.226110259734
9322,60905.75015874544
9324,1274.8341230123094
9329,10683.900309821278
9338,11103.681223737343
9344,2018.052176950669
9348,16836.097899682616
9353,4958.629173137563
9357,2742.030231613535
9358,51816.539127432865
9361,3022.493862609078
9362,1250.2316054724765
9376,-6214.829505376811
9381,2002.40110713325
9383,3385.1953388001602
9385,9596.577439767045
9389,2303.236538412208
9393,119.65188832555235
9394,74529.0160194073
9400,7426.020512960559
9402,181154.2273930244
9412,1010.0240658667393
9413,11825.15900363005
9424,-1270.8133313735375
9428,4229.055086969892
9434,4332.2733832562535
9440,18413.709489250024
9450,61765.464269980366
9452,-835.6751118123992
9454,9835.907958994914
9465,13601.428195020731
9474,12977.57325234805
9494,-836.0004611944545
9501,1070.9618017739947
9507,29706.19747465448
9508,821.775122127325
9510,2778.0858271835737
9519,25429.630948386286
9521,4092.1862238009367
9524,-833.3081697709758
9539,13916.05332814935
9543,114546.5322748663
9546,48698.25993577012
9554,17803.001416389136
9556,3368.8988154292542
9561,4401.6063070004175
9572,2320.1276129653015
9573,9368.559494232815
9579,4201.012130008442
9592,63908.379890247976
9597,60171.34901062354
9598,695.9267156952538
9603,10449.813707760128
9607,4122.3440584240325
9619,3877.338764565336
9622,41207.27684799013
9624,3990.117013344721
9630,5042.380833781516
9634,50689.84232846462
9644,8098.796659380696
9652,-11043.87317539831
9657,1474.045783220668
9659,1636.4289474764548
9661,780.0932652706003
9666,31222.448056438512
9669,35393.05077363636
9679,22826.88203455609
9683,108193.76504975052
9689,23934.36902685139
9696,73229.01527248394
9697,11400.417619906711
9698,2212.164110552184
9701,87006.13787467935
9706,28077.968569725785
9708,23490.65175261678
9712,17970.258028872577
9720,3463.3720863805406
9721,3061.084940693551
9726,17334.6061874685
9731,25152.063913806203
9744,17995.643210894228
9753,-467.7284118351496
9757,11176.986826571796
9760,7697.671667392763
9780,30011.172259742627
9782,1361.4486930750531
9786,10326.977868147924
9788,4190.368463841968
9789,3943.3662613948427
9791,3241.599851658129
9792,2955.0288834448806
9798,-1400.0422078102888
9805,1324.8935362307852
9806,2834.139509758275
9810,20101.483526637294
9812,18459.343048916715
9814,284.5333095009379
9822,3667.4043699693893
9831,2266.530318790279
9838,-3233.27448599311
9840,52553.139219139885
9852,2063.87891874476
9859,1105.9569690859146
9916,4553.567618009222
9924,59810.02148593824
9944,12530.822096223988
9953,10206.802770328823
9961,8882.562729382527
9968,48486.04372947463
9970,2582.875983674191
9972,9997.741924671125
9975,116713.69003164892
9976,927.3750270859119
9984,-169.24881013764337
9989,1558.5629199798832
9991,13882.691249623573
10005,15508.611636978987
10010,-451.89492666855415
10013,2051.1365368208303
10025,43056.884457636006
10028,22749.750301185035
10032,3574.8542882528
10037,-2625.7978275043297
10038,32819.10349137092
10040,328.2534443646454
10042,77393.20197749558
10048,14032.143441639435
10052,35264.59679915821
10054,13661.469719493176
10059,151213.7343394611
10074,22095.244010845734
10078,3124.250942662542
10086,2310.172377307946
10087,74.95351586113958
10088,905.8152639116098
10092,80990.8466902962
10108,9991.27229456109
10113,10679.716948822932
10117,10788.929767661173
10125,20805.93953553108
10126,3413.74497205648
10144,6468.609713913323
10156,35166.70459628903
10157,6299.1855664779905
10162,408.17920609215423
10164,14727.922419659742
10166,7586.652612481083
10175,15191.693228060463
10177,31762.90453787856
10185,48862.15355584577
10187,22626.867867246798
10190,7540.25242405449
10202,3273.903959152943
10203,28193.96042859888
10209,1452.1871040978276
10213,13234.152243869115
10220,58213.95328157664
10239,1332.8293036479542
10248,8273.293346869266
10261,29527.381509584684
10271,13244.792202159673
10274,61879.669312917096
10286,784.2691967981616
10289,15689.55089270738
10305,-5415.091002199958
10310,2879.593753635802
10315,61188.54168361479
10316,7813.415301785855
10319,7405.732226139399
10323,1529.917633980847
10326,6239.96107584826
10343,862.4042344792609
10349,103809.12790104063
10352,-1467.0424383734592
10356,6450.967233160731
10357,11175.589608846185
10379,1022.3657338325773
10382,-315.2780606222513
10394,23049.79504557512
10403,28458.67471791788
10413,40719.08459022928
10418,-569.7186775729215
10431,2935.0828875573184
10432,1216.6099807742999
10435,50988.81289041496
10439,5302.254316606829
10440,16281.057680188062
10452,52809.75504823997
10453,4132.764451891325
10456,13025.629793975579
10457,118318.23786755714
10460,28623.232887248236
10470,-1606.789086872595
10471,3751.2030649364815
10472,145626.02761308142
10478,60936.28327706729
10489,12890.958610303273
10492,22066.29768853801
10501,83444.50792482354
10502,20134.054623119093
10510,582.0689682115625
10512,-4308.750389073379
10524,547.6948805182061
10529,3160.1714196860516
10530,3155.289340392418
10532,16083.971457046835
10537,101850.52375759816
10542,6180.458966335556
10543,967.4818000069749
10544,5366.503076429838
10547,16469.3576694148
10552,9201.087983923944
10557,2847.040253684925
10558,1043.4917030772654
10567,852.8560286786491
10570,116360.23625582957
10583,37967.52861522282
10587,-1517.8346756313401
10589,15874.578963811591
10591,49295.80169713662
10598,622.6954748071353
10600,30436.472577720913
10604,-338.10229743246225
10609,31161.207949286305
10616,2792.5125372974226
10621,3316.092476222296
10631,22401.11693052464
10655,2968.1732437920746
10658,2273.204311280966
10679,14814.669956777354
10682,2593.9151322135313
10686,1938.7858331563018
10689,2487.4028067374893
10694,853.1223100042278
10697,2911.52550797203
10701,2151.944879007764
10704,27338.27223571061
10709,1154.492785824738
10714,6483.931993096198
10729,1824.476311586387
10730,-1771.0823293744313
10743,30027.53551190562
10760,5931.512245356089
10761,51898.07889037913
10770,8891.277869517406
10772,18739.42837026646
10776,10652.234794339207
10785,31335.204360142598
10786,1167.579332207409
10793,23728.339673480554
10795,5474.4236545560925
10811,1451.8363772163787
10812,28717.666782628552
10814,50085.54035826065
10819,17527.26959467729
10824,10585.079610148143
10834,37705.824011272256
10839,42545.32544869262
10845,57397.24499740337
10850,107954.52006082192
10852,617.8048827324727
10856,23398.288655137836
10858,6511.771835315946
10870,12125.762506260591
10873,5051.715560684947
10887,3690.160930572657
10889,43140.59103902372
10902,3663.467066933844
10903,107382.42212415031
10920,27004.117148747788
10928,37046.56309634405
10930,16569.592573332095
10933,8660.464947374547
10945,879.4099582885985
10953,36370.4835527649
10962,8732.993914485975
10966,18060.13464313765
10972,95350.33710403288
10977,186449.38214424634
10989,16201.360141993338
11004,3320.680802854836
11005,-1017.6573253715405
11006,960.935282108548
11011,56449.177892479085
11013,2825.288144420251
11015,6358.956308729732
11018,5028.205288818281
11020,2355.871657517957
11029,79006.9591361225
11030,24277.391502171227
11037,2128.0021310664547
11044,8464.40492014042
11049,27545.61387975792
11051,-578.1544736183448
11063,38908.98999210858
11066,2126.638475626449
11068,-126.13124324712706
11069,9258.304915512148
11074,1476.815920455885
11075,7321.670523502669
11086,21036.7151935609
11108,37111.868697245685
11111,3069.0117912763803
11113,-665.2524896465661
11137,9733.02173439246
11138,2660.4010985137547
11141,6321.203799923846
11142,41360.54629763111
11144,7843.222958880448
11145,25499.86447150341
11150,1915.6905424560246
11156,19578.46544221126
11162,10777.183267090062
11163,35.307714664562646
11167,47720.68545592461
11170,5718.586857680261
11173,4799.844534699738
11174,47273.181102576404
11175,16246.841681014394
11190,2851.4008280541457
11192,5115.456338174747
11203,-6191.365091916465
11208,8724.753100586793
11215,14590.60481093301
11218,3501.3116949208843
11233,12310.738378633652
11234,46906.940126198286
11235,1941.8218820880818
11245,-113.9660162702925
11246,31430.544447549626
11250,-1977.2900080771701
11252,10942.346520739899
11261,7704.27410156444
11262,31456.218460010623
11268,12688.738092390606
11269,-2044.9296462719644
11273,1822.3557783336353
11275,643.2775321978279
11277,25210.874376219414
11286,3402.4369344799898
11291,2984.570867967081
11294,2104.618640980527
11297,36659.41552455345
11298,13994.893125422388
11327,2509.8894846883095
11331,57431.17536643476
11334,4417.0302467537695
11342,3142.730914505294
11349,34647.33667317084
11350,70221.26040831897
11352,19584.333357632237
11356,2598.8092797657373
11358,7463.707873369007
11383,5621.024913212866
11386,4789.797356962918
11387,85123.12324563369
11393,18850.382894446702
11394,6469.666306213815
11395,3387.298835443086
11398,65096.95917368171
11399,11715.043375425477
11405,-3855.1112321946025
11408,29031.254922754884
11409,1502.7466309068002
11418,6827.983406827351
11419,10026.432950486787
11425,5790.535655716673
11443,2216.085140457844
11445,5006.705922507467
11448,213.86498800316593
11454,1208.3723995558187
11458,58133.18511966358
11459,6778.956454028332
11465,31096.10808818513
11468,16876.432002480444
11474,-549.4126115007236
11478,25394.411157003393
11493,21813.00901369523
11496,24337.985789932187
11497,2120.2601728304203
11501,1246.999651562504
11503,3300.002587922691
11506,51013.03362044482
11513,11819.580576199489
11515,847.6220355356118
11522,269.3895378227599
11527,3177.715470666323
11529,30165.074160882385
11530,-1055.263032659387
11548,17291.844552509287
11550,29724.949363540312
11552,11564.519607988748
11554,2625.7244304552078
11557,1413.7856090123948
11558,4492.267827944653
11560,53804.87835176133
11561,3085.1494771219704
11569,497.67176465189954
11583,7124.376552478457
11584,1027.6858193697253
11586,25779.0696313407
11598,8762.212145614172
11599,2847.683940477762
11601,18731.58656126508
11608,59748.632470056786
11610,59500.84146247671
11612,62185.14779379127
11618,5052.465880860075
11620,1901.2984015406103
11626,2002.1149453224937
11628,-6194.889968418884
11632,74239.67469287757
11634,3699.2173347617118
11635,8583.299408591343
11642,742.0604261306969
11660,11658.722774682878
11665,2802.512596169208
11667,8665.161486699044
11672,30263.45060546342
11682,50203.1732880821
11684,2826.185495603115
11691,33199.64622099899
11693,2735.5755735731623
11698,538.0061660027992
11702,4311.202743178342
11707,46967.91933796422
11709,8071.862489754381
11713,23617.94129205621
11718,5237.830049588373
11719,17093.933981765873
11729,5180.138905513924
11732,1012.1279776835721
11737,1915.4780492226243
11738,56988.43209028579
11749,376.16464124566505
11754,43356.45840369043
11763,35455.31586485589
11769,6182.742198759824
11770,-5841.821470691627
11774,40656.963841432975
11777,27956.48611033661
11778,6778.677705148286
11781,-1212.3284202981674
11783,60146.683746986775
11784,1274.7030185253186
11786,75595.91883455924
11791,2492.587722413767
11793,-1784.0853201341044
11794,11558.673682906605
11796,13954.376787725318
11800,-7875.389182120153
11805,26900.917358246865
11806,4311.4829387357
11810,26156.369104797748
11811,18202.157590975945
11813,58687.55787714724
11816,1283.5154798983747
11820,16525.226485790372
11823,17600.96131101444
11827,10781.913907761023
11833,3127.5657774802703
11844,2522.732295060459
11847,5400.670732078004
11855,32188.849883816074
11859,1235.5920002042806
11863,408.7368592406377
11864,3431.4249629817227
11878,6680.439264247655
11887,28140.8088231074
11891,-1000.8259701305561
11895,26190.528999247763
11919,8956.302026896628
11922,-347.16295576193846
11946,1596.6902009571436
11952,53266.30909920927
11956,-4960.690873622088
11957,112146.8366607779
11960,1912.4176808419304
11963,5918.238412882011
11965,-421.54564782967634
11967,3801.224911049169
11968,44676.24907717867
11969,60586.51607700275
11972,1451.8269382885603
11977,140148.89782462647
11978,14400.569489071277
11983,2833.882339305845
11988,-862.888618719842
12010,18409.19599412
12012,1130.0527775826943
12015,32807.519905556954
12016,3861.687807658941
12018,79958.5866420314
12026,38627.26478486425
12029,-5810.949459181872
12041,30094.487662571933
12043,38970.49606764838
12044,7156.457519844914
12050,2425.2620929611094
12063,31502.856113777692
12083,-3833.3302047989932
12086,12150.257793787012
12097,13435.20976093237
12104,1508.2162933795887
12115,31548.560723829964
12125,5030.473111028142
12131,9675.24091174138
12133,32412.925677976218
12138,46903.81932196513
12148,20203.556533456172
12152,2046.4504446804665
12173,330.6677732483203
12174,24204.539384439853
12188,3627.475432603807
12199,38011.4782819331
12202,20649.57952299469
12213,3823.7521089867505
12214,558.0220736850823
12219,5399.646709001242
12228,13891.421078398385
12233,24708.518293938705
12247,15314.350330210771
12259,17097.66852273091
12261,3491.57359744893
12271,5938.348210869807
12276,12411.320892708143
12288,43190.85696269828
12290,5701.583902774106
12292,10164.803035290957
12297,13806.467808059657
12310,33656.38960569199
12320,20023.36310620127
12325,118416.00796242135
12331,13528.306653245949
12332,31383.698390641614
12340,2810.465936049364
12342,5143.290282045306
12347,5542.776356432334
12354,516.4294251673979
12363,40709.819820591976
12380,100524.8218700027
12381,1457.7816939994389
12383,228.56015981084548
12384,7910.155603990068
12385,10106.297196390691
12392,19919.741925113154
12397,16646.09677141235
12398,68891.93287432268
12407,35796.52469502445
12409,1663.3880727987732
12416,1018.4101869909528
12421,21372.610329621777
12438,5989.9442995289655
12439,131.2630260940251
12447,2546.9501032541853
12449,27350.37415263205
12453,754.8464668643454
12454,53564.62076080636
12460,43586.27279638527
12464,90437.92942271859
12466,2653.3467621105174
12467,1066.097557743959
12470,4538.044020314941
12472,3193.6712282528442
12476,3882.047573368031
12477,8887.471509696588
12482,11618.869491011781
12488,-7073.54920505861
12495,2236.109496772649
12499,6569.252786991869
12505,16781.160683449314
12507,33977.33487689236
12508,4868.970382808828
12512,22832.879607750823
12513,4088.839288628232
12518,769.9607108669327
12522,8694.865559079395
12523,-43.8152207625739
12525,-4326.6491983591995
12529,32828.35422766129
12532,2580.3677853947797
12538,4799.972349226875
12539,1900.0496225022682
12542,-61.16547305213012
12554,48755.71392189629
12555,10473.89418182778
12558,37258.70446671057
12570,7056.472665697928
12575,70460.3925453336
12576,176136.5949580909
12578,5681.085050824152
12586,8469.250087358123
12591,2388.282314982402
12596,-1870.933213495312
12598,-1338.3296759019374
12606,54325.186004943665
12609,-1936.1502653709629
12617,-1674.059624583261
12619,183.28143607465998
12628,1760.4801174018232
12629,21706.26755180639
12631,83867.70736899579
12639,3856.844767653692
12641,66239.91607333644
12644,15136.068988430883
12647,51060.876971258105
12659,-2888.973853135484
12664,29186.069376838495
12670,5798.570523468178
12678,40847.876501607214
12687,48322.89419622644
12688,19288.048811990328
12691,1867.0245899193724
12692,18476.03419831256
12693,56642.41568297477
12694,12774.621584905826
12697,25337.676452423435
12700,28683.267756301553
12701,44205.46405346857
12703,36919.23449360599
12709,8623.824048980929
12714,15270.845059768411
12721,47597.739436784475
12724,6159.793900568742
12740,93709.27280082574
12742,29751.414518121157
12748,17908.681064169905
12760,59503.804210662565
12762,13543.570111680176
